index,published,keyword,domain,language,valid,title,description,url,image,archive,content,quote,de,en,la,added
b82a554167a20c40057c6e4f57618640,2026-01-01T10:45:27Z,'landslide',en.antaranews.com,en,0.9,Adequate aid reaches Sumatra flood victims without emergency status,"President Prabowo Subianto affirmed that the government provided adequate relief to northern Sumatra provinces affected by flooding and landslides, even ...",https://en.antaranews.com/news/398203/adequate-aid-reaches-sumatra-flood-victims-without-emergency-status,https://cdn.antaranews.com/cache/1200x800/2026/01/01/IMG_2483.jpeg,,"Jakarta (ANTARA) - President Prabowo Subianto affirmed that the government provided adequate relief to northern Sumatra provinces affected by flooding and landslides, even without declaring a ""nation… [+2325 chars]",,"Ausreichende Hilfe erreicht Sumatra-Überschwemmungsopfer ohne Notstandsstatus. Präsident Prabowo Subianto bekräftigte, dass die Regierung den von Überschwemmungen und Erdrutschen betroffenen Provinzen im Norden Sumatras angemessene Hilfe geleistet habe, selbst ...","Adequate aid reaches Sumatra flood victims without emergency status. President Prabowo Subianto affirmed that the government provided adequate relief to northern Sumatra provinces affected by flooding and landslides, even ...",Adaequatum auxilium Sumatra inundatio victimarum sine discrimine status attingit. Praeses Prabowo Subianto affirmavit regimen sufficiens subsidio praebere provinciis Sumatra septentrionalibus in inundationibus et ruinas etiam affectis ...,2026-01-02 15:21:05+00:00
da57dca6b2aec06784e517238e7b311b,2026-01-05T10:51:43Z,'landslide',www.neatorama.com,en,0.7,"A Literal Version of Fleetwood Mac's ""Landslide""","The song ""Landslide"" by Fleetwood Mac was recorded in 1975 but wasn't released as a single until 1997 (a live version). Still, it became a classic for its wistful, melancholy melody and poetic lyrics. Stevie Nicks wrote the song as she contemplated her future…",https://www.neatorama.com/2026/01/05/A-Literal-Version-of-Fleetwood-Macs-Landslide/,,,"The song ""Landslide"" by Fleetwood Mac was recorded in 1975 but wasn't released as a single until 1997 (a live version). Still, it became a classic for its wistful, melancholy melody and poetic lyrics… [+705 chars]",,"Eine wörtliche Version von Fleetwood Macs „Landslide“. Der Song „Landslide“ von Fleetwood Mac wurde 1975 aufgenommen, aber erst 1997 als Single veröffentlicht (eine Live-Version). Dennoch wurde es wegen seiner wehmütigen, melancholischen Melodie und seinen poetischen Texten zu einem Klassiker. Stevie Nicks schrieb das Lied, während sie über ihre Zukunft nachdachte …","A Literal Version of Fleetwood Mac's ""Landslide"". The song ""Landslide"" by Fleetwood Mac was recorded in 1975 but wasn't released as a single until 1997 (a live version). Still, it became a classic for its wistful, melancholy melody and poetic lyrics. Stevie Nicks wrote the song as she contemplated her future…","Versio literalis Fleetwood Mac's Landslide. Carmen ""Landslide"" a Fleetwood Mac anno 1975 conscriptum est, sed non solum unum usque ad 1997 dimissum est (versio viva). Nihilominus classica facta est ad eius melodiam et musicam et ad musicam melancholiam. Stevie Nicks scripsit canticum ut contemplaretur eam futuram…",2026-01-08 05:24:01+00:00
6ba1c884b185a3327213dc73f3815a0d,2026-01-05T13:58:35Z,'landslide',www.geeksaresexy.net,en,0.7,Fleetwood Mac’s Landslide… But It’s About Landslides,"Originally, Fleetwood Mac’s Landslide was a soft, melancholy metaphor written by Stevie Nicks about love, change, and her future with Lindsey Buckingham, not flying rocks and natural disasters. Now There I Ruined It creator Dustin Ballard teamed up with Grief…",https://www.geeksaresexy.net/?p=586520,https://www.geeksaresexy.net/wp-content/uploads/2026/01/landslide.jpg,,"Originally, Fleetwood Mac’s Landslide was a soft, melancholy metaphor written by Stevie Nicks about love, change, and her future with Lindsey Buckingham, not flying rocks and natural disasters. Now T… [+128 chars]",,"Der Erdrutsch von Fleetwood Mac … aber es geht um Erdrutsche. Ursprünglich war „Landslide“ von Fleetwood Mac eine sanfte, melancholische Metapher von Stevie Nicks über Liebe, Veränderung und ihre Zukunft mit Lindsey Buckingham, nicht über fliegende Steine ​​und Naturkatastrophen. „Now There I Ruined It“-Schöpfer Dustin Ballard hat sich mit Grief zusammengetan…","Fleetwood Mac’s Landslide… But It’s About Landslides. Originally, Fleetwood Mac’s Landslide was a soft, melancholy metaphor written by Stevie Nicks about love, change, and her future with Lindsey Buckingham, not flying rocks and natural disasters. Now There I Ruined It creator Dustin Ballard teamed up with Grief…","Fleetwood Mac's Landslide… Sed suus de Landslides. Primitus, Fleetwood Mac Landslides mollis, melancholia fuit metaphora a Stevie Nicks scripta de amore, mutatione, et futura apud Lindsey Buckingham, non saxa et clades naturales volans. Nunc ibi perii Creator Dustin Ballard cum Luctu teamed…",2026-01-08 05:24:01+00:00
49a83d156780dc327a4084b5810ccfe2,2026-01-06T19:17:32Z,'landslide',www.yahoo.com,en,0.9,Greenland’s melting ice and landslide-prone fjords make the oil and minerals Trump is eyeing dangerous to extract,"Melting ice, thawing permafrost and crumbling fjord walls are just a few of the risks climate change poses for those living and working in Greenland.",https://www.yahoo.com/news/articles/greenland-melting-ice-landslide-prone-191732079.html,https://media.zenfs.com/en/the_conversation_us_articles_815/b2a22d5c5428f1fa53b7ae071f94529c,,"Since Donald Trump regained the U.S. presidency, he has talked about taking over Greenland. He has insisted that the U.S. will control the island, currently an autonomous territory of Denmark, and th… [+8138 chars]",,"Das schmelzende Eis Grönlands und die erdrutschgefährdeten Fjorde machen die Förderung von Öl und Mineralien, die Trump anstrebt, gefährlich. Schmelzendes Eis, auftauender Permafrost und bröckelnde Fjordmauern sind nur einige der Risiken, die der Klimawandel für die Menschen mit sich bringt, die in Grönland leben und arbeiten.","Greenland’s melting ice and landslide-prone fjords make the oil and minerals Trump is eyeing dangerous to extract. Melting ice, thawing permafrost and crumbling fjord walls are just a few of the risks climate change poses for those living and working in Greenland.","Groenlandiae glaciem liquefactionem et fjords landli-proni faciunt, oleum et mineralia Trump periculosum extractum inspicit. Glacies liquescens, tabidaque permafrost et parietum putridum fjord sunt pauci periculorum mutationis climatis illis in Groenlandia viventibus et operantibus.",2026-01-08 05:24:01+00:00
27a0ff272b6ac56229b5edb7a875cf24,2026-01-05T13:45:28Z,'landslide',www.hurriyetdailynews.com,en,0.9,Deadly mine landslide case set for key hearing,A court is set to convene on Jan. 6 for the fifth hearing in the criminal case regarding a 2024 landslide at a gold mine that killed nine workers in the eastern city of Erzincan's İliç district.,https://www.hurriyetdailynews.com/deadly-mine-landslide-case-set-for-key-hearing-217514,https://image.hurimg.com/i/hurriyet/75/200x200/695bc074210a63b0532b6741.jpg,,"ERZNCAN
A court is set to convene on Jan. 6 for the fifth hearing in the criminal case regarding a 2024 landslide at a gold mine that killed nine workers in the eastern city of Erzincan's liç distri… [+1452 chars]",,"Der Fall eines tödlichen Erdrutschs in einer Mine steht vor einer wichtigen Anhörung. Am 6. Januar soll ein Gericht zur fünften Anhörung im Strafverfahren zu einem Erdrutsch in einer Goldmine im Jahr 2024 zusammentreten, bei dem neun Arbeiter im Bezirk İliç der östlichen Stadt Erzincan ums Leben kamen.",Deadly mine landslide case set for key hearing. A court is set to convene on Jan. 6 for the fifth hearing in the criminal case regarding a 2024 landslide at a gold mine that killed nine workers in the eastern city of Erzincan's İliç district.,Funesta mea ruina casus clavis auditus est. Iudicium convocandum constituitur die 6 mensis Ianuarii pro quinta audientia in causa criminali de 2024 in ruina auri mei qui novem operarios in urbe orientali Erzincan's İliç occiderunt.,2026-01-09 20:23:24+00:00
732b5b093d992034f66c79b56b49937f,2026-01-05T14:28:43Z,'landslide',en.antaranews.com,en,0.9,Indonesia has 6 months of rice stock for flood-hit Sumatra: Minister,Home Affairs Minister Muhammad Tito Karnavian ensured that rice stocks for flood- and landslide-affected provinces in Sumatra are safe for the next six ...,https://en.antaranews.com/news/398551/indonesia-has-6-months-of-rice-stock-for-flood-hit-sumatra-minister,https://cdn.antaranews.com/cache/1200x800/2026/01/05/1000655208.jpg,,Jakarta (ANTARA) - Home Affairs Minister Muhammad Tito Karnavian ensured that rice stocks for flood- and landslide-affected provinces in Sumatra are safe for the next six months.He stated that he has… [+2002 chars],,"Indonesien verfügt über Reisvorräte für sechs Monate für das von der Überschwemmung betroffene Sumatra: Minister. Innenminister Muhammad Tito Karnavian sorgte dafür, dass die Reisvorräte in den von Überschwemmungen und Erdrutschen betroffenen Provinzen auf Sumatra für die nächsten sechs Jahre sicher sind ...",Indonesia has 6 months of rice stock for flood-hit Sumatra: Minister. Home Affairs Minister Muhammad Tito Karnavian ensured that rice stocks for flood- and landslide-affected provinces in Sumatra are safe for the next six ...,Indonesia habet sex menses stirpis oryzae ad diluvium Sumatra: Minister. Domus Negotiis Minister Muhammad Tito Karnavian curavit ut nervos oryzae pro inundatione et in Sumatra provinciis in Sumatra proximos sex tutos esse ...,2026-01-11 01:48:29+00:00
148317beb511d58d3d69f96b3ce17937,2026-01-05T16:13:59Z,'landslide death',en.antaranews.com,en,0.9,Religious Affairs Ministry channels Rp155B aid for flood-hit Sumatra,The Ministry of Religious Affairs has channeled Rp155 billion (approximately US$9.25 million) aid to support disaster relief in flood- and landslide-hit ...,https://en.antaranews.com/news/398563/religious-affairs-ministry-channels-rp155b-aid-for-flood-hit-sumatra,https://cdn.antaranews.com/cache/1200x800/2026/01/05/IMG-20260105-WA0006_3.jpg,,"Jakarta (ANTARA) - The Ministry of Religious Affairs has channeled Rp155 billion (approximately US$9.25 million) aid to support disaster relief in flood- and landslide-hit provinces in Sumatra–Aceh, … [+2219 chars]",,"Das Ministerium für religiöse Angelegenheiten leitet Hilfe in Höhe von 155 Milliarden Rupien für das von der Überschwemmung betroffene Sumatra weiter. Das Ministerium für religiöse Angelegenheiten hat Hilfe in Höhe von 155 Milliarden Rupien (ca. 9,25 Millionen US-Dollar) bereitgestellt, um die Katastrophenhilfe in den von Überschwemmungen und Erdrutschen betroffenen Gebieten zu unterstützen ...",Religious Affairs Ministry channels Rp155B aid for flood-hit Sumatra. The Ministry of Religious Affairs has channeled Rp155 billion (approximately US$9.25 million) aid to support disaster relief in flood- and landslide-hit ...,Negotiis Religiosorum Ministry canales Rp155B auxilium ad Sumatra cataracta. Ministerium Religiosorum Negotium Rp155 sescenti (circiter US$9.25 decies centena millia) auxilium ad calamitatem sublevandam in inundatione et LAPIDE ... subsidio inundavit.,2026-01-11 01:48:29+00:00
487d4a4936e0f467e7ab7f0dafcacefc,2026-01-05T22:51:43Z,'landslide death',en.antaranews.com,en,0.9,"Baznas distributes 20,000 school kit packages to flood-hit Sumatra","Indonesia&#39;s National Alms Agency (Baznas) has distributed more than 20,000 school kit packages to students affected by floods and landslides in Aceh, ...",https://en.antaranews.com/news/398569/baznas-distributes-20000-school-kit-packages-to-flood-hit-sumatra,https://cdn.antaranews.com/cache/1200x800/2026/01/05/WhatsApp-Image-2026-01-05-at-20.19.43.jpeg,,"Jakarta (ANTARA) - Indonesia's National Alms Agency (Baznas) has distributed more than 20,000 school kit packages to students affected by floods and landslides in Aceh, North Sumatra, and West Sumatr… [+1916 chars]",,"Baznas verteilt 20.000 Pakete mit Schulausrüstung auf dem von Überschwemmungen betroffenen Sumatra. Die indonesische Nationale Almosenagentur (Baznas) hat mehr als 20.000 Schulpakete an Schüler verteilt, die von Überschwemmungen und Erdrutschen in Aceh betroffen waren.","Baznas distributes 20,000 school kit packages to flood-hit Sumatra. Indonesia&#39;s National Alms Agency (Baznas) has distributed more than 20,000 school kit packages to students affected by floods and landslides in Aceh, ...","Baznas ornamentum sarcinarum scholae 20000 ad flumen Sumatra distribuit. Indonesia &#39; Eleemosyna Nationalis Agency (Baznas) plus quam 20000 sarcinas scholae ornamentum distribuit studentibus inundationibus et proruit in Aceh, ...",2026-01-11 01:48:29+00:00
2a2ba44a2b049bc0ab96415ef216cbf5,2026-01-08T15:47:47Z,'rock fall',timesofmalta.com,en,0.8,Għajn Dwieli tunnel closed after rocks fall due to bad weather,Emergency works to start Friday morning as drivers are urged to avoid the tunnel,https://timesofmalta.com/article/ghajn-dwieli-tunnel-closed-rocks-fall-due-bad-weather.1122215,https://cdn-attachments.timesofmalta.com/ed03898d192d1a357cd32c175e2762b77b45c238-1767884540-48944015-1200x630.jpg,,"Updated 8.46pm
The Gajn Dwieli tunnel leading into Cospicua will remain closed throughout Friday for emergency works after some rocks fell beneath the underpass ""due to bad weather"" on Thursday afte… [+2016 chars]",,"Għajn-Dwieli-Tunnel nach Steinschlag aufgrund schlechten Wetters geschlossen. Die Notarbeiten beginnen am Freitagmorgen, da die Fahrer aufgefordert werden, den Tunnel zu meiden",Għajn Dwieli tunnel closed after rocks fall due to bad weather. Emergency works to start Friday morning as drivers are urged to avoid the tunnel,Għajn Dwieli cuniculus clausus post saxa ob tempestatibus decidit. Subitis opera incipere Veneris mane sicut aurigae hortantur ad evitandum cuniculum,2026-01-11 10:20:40+00:00
7e2f6254ebf976d45dbc409c50821a59,2026-01-10T00:47:19Z,'rockfall',www.cbc.ca,en,0.9,Two rockfall events sent boulders crashing onto popular B.C. hiking trail,"A geohazard assessment determined the first slide took place on Dec. 26 and a second slide on Dec. 29. The assessment found that several large rocks, approximately three to four metres in diameter, came crashing down onto the Stawamus Chief Trail in Squamish,…",https://www.cbc.ca/news/canada/british-columbia/rockfall-squamish-hiking-train-closed-9.7040573,"https://i.cbc.ca/ais/15802a06-16ff-4be8-b059-8d4d298c27c6,1768001411749/full/max/0/default.jpg?im=Crop%2Crect%3D%280%2C378%2C4032%2C2268%29%3BResize%3D620",http://web.archive.org/web/20260110044430/https://www.cbc.ca/news/canada/british-columbia/rockfall-squamish-hiking-train-closed-9.7040573,"A popular hiking trail in Squamish, B.C., remains closed after officials have now determined two separate rockfall events damaged the park. 
B.C. Parks closed the Stawamus Chief main trail on Dec. 2… [+2399 chars]",,"Bei zwei Steinschlägen stürzten Felsbrocken auf das beliebte B.C.-Gebiet. Wanderweg. Eine Gefährdungsbeurteilung ergab, dass die erste Rutsche am 26. Dezember und die zweite am 29. Dezember stattfand. Die Untersuchung ergab, dass mehrere große Steine ​​mit einem Durchmesser von etwa drei bis vier Metern auf den Stawamus Chief Trail in Squamish stürzten.","Two rockfall events sent boulders crashing onto popular B.C. hiking trail. A geohazard assessment determined the first slide took place on Dec. 26 and a second slide on Dec. 29. The assessment found that several large rocks, approximately three to four metres in diameter, came crashing down onto the Stawamus Chief Trail in Squamish,…","Duae res scopuli missi saxa fragores in populares B.C. garrientes trahens. A taxatio geohazard definita primum lapsus fiebat die 26 Dec. et secunda lapsus die 29 Decembris. Taxatio invenit complures magnas petras, circiter tria ad quattuor metra in diametro, in Stawamus dux Trail in Squamish ruit.",2026-01-11 10:20:40+00:00
15fc6c5a97fe9888d12e313a561026d6,2026-01-09T11:22:06Z,'landslide',punchng.com,en,0.9,2027: PDP vows to oust APC in Kogi,"The PDP Kogi State Chairman declares readiness to oust the ruling APC in the 2027 election, vowing a landslide victory and a return to prosperity.

Read More: https://punchng.com/2027-pdp-vows-to-oust-apc-in-kogi/",https://punchng.com/2027-pdp-vows-to-oust-apc-in-kogi/,https://cdn.punchng.com/wp-content/uploads/2025/12/19002028/Muhammad-Sanni-Gambo.jpg,,"The Chairman of the Kogi State Peoples Democratic Party, Muhammed Gambo, has declared his partys readiness to take over Lugard House in the 2027 elections.
In a statement issued on Friday in Lokoja,… [+1908 chars]",,"2027: PDP verspricht, APC in Kogi zu verdrängen. Der PDP-Staatsvorsitzende Kogi erklärt seine Bereitschaft, die regierende APC bei den Wahlen 2027 zu verdrängen, und verspricht einen Erdrutschsieg und eine Rückkehr zum Wohlstand.

Lesen Sie mehr: https://punchng.com/2027-pdp-vows-to-oust-apc-in-kogi/","2027: PDP vows to oust APC in Kogi. The PDP Kogi State Chairman declares readiness to oust the ruling APC in the 2027 election, vowing a landslide victory and a return to prosperity.

Read More: https://punchng.com/2027-pdp-vows-to-oust-apc-in-kogi/","2027: PDP vota evitanda APC in Kogi. Praeses rei publicae PDP Kogi promptum declarat ad regimen APC in 2027 electione expugnandum, vovens ruinam victoriam et reditum ad prosperitatem.

Lege More: https://punchng.com/2027-pdp-vows-to-oust-apc-in-kogi/",2026-01-11 15:19:14+00:00
7c1cd241d95844e41d46278ba1b660f8,2026-01-10T11:32:44Z,'landslide',www.bbc.com,en,0.9,Rescuers race to find dozens missing after deadly landfill collapse in Philippines,The landslide happened when a mountain of rubbish collapsed at a landfill site in the central Philippines.,https://www.bbc.com/news/articles/cn42jqlqy4xo,https://ichef.bbci.co.uk/news/1024/branded_news/21eb/live/88b814c0-ee13-11f0-8692-012f383b8e06.jpg,,"More than 30 people are thought to be missing following the landslide in Cebu
Rescue workers are racing to find dozens of people still missing following a landslide at a landfill site in the central… [+2145 chars]",,"Nach dem tödlichen Einsturz einer Mülldeponie auf den Philippinen suchen Retter nach Dutzenden Vermissten. Der Erdrutsch ereignete sich, als ein Müllberg auf einer Mülldeponie in den zentralen Philippinen einstürzte.",Rescuers race to find dozens missing after deadly landfill collapse in Philippines. The landslide happened when a mountain of rubbish collapsed at a landfill site in the central Philippines.,Rescuers genus ad inveniendum justos absentes post ruinam funestam landfill in Philippines. LAPSUS factum est cum mons rudera in situ landfill in media Philippinis collapsa est.,2026-01-11 15:19:14+00:00
3bae2787aabf61f9f78faa5b473e33d2,2026-01-09T14:00:00Z,'landslide',journals.plos.org,en,0.9,Relationship between landslide susceptibility and social lag in Mexico City: The case of the west periphery,"Landslides threaten sustainable development through economic and human losses. This study integrates machine learning methods to construct susceptibility maps, including topographic-hydrological indicators, to improve the inclusion of earthflow landslides. Fu…",https://journals.plos.org/plosone/article?id=10.1371/journal.pone.0340639,https://journals.plos.org/plosone/article/figure/image?id=10.1371/journal.pone.0340639.g018&size=inline,http://web.archive.org/web/20260110182155/https://journals.plos.org/plosone/article?id=10.1371%2Fjournal.pone.0340639,"Abstract
Landslides threaten sustainable development through economic and human losses. This study integrates machine learning methods to construct susceptibility maps, including topographic-hydrolo… [+106696 chars]",,"Zusammenhang zwischen Erdrutschanfälligkeit und sozialer Verzögerung in Mexiko-Stadt: Der Fall der westlichen Peripherie. Erdrutsche gefährden die nachhaltige Entwicklung durch wirtschaftliche und menschliche Verluste. Diese Studie integriert Methoden des maschinellen Lernens zur Erstellung von Anfälligkeitskarten, einschließlich topographisch-hydrologischer Indikatoren, um die Einbeziehung von Erdrutschen zu verbessern. Spaß…","Relationship between landslide susceptibility and social lag in Mexico City: The case of the west periphery. Landslides threaten sustainable development through economic and human losses. This study integrates machine learning methods to construct susceptibility maps, including topographic-hydrological indicators, to improve the inclusion of earthflow landslides. Fu…","Relatio inter motum susceptibilitatem et pigritiam socialem in urbe Mexicana: Casus occidentis periferiae. Profundi progressus sustineri comminantur per damna oeconomica et humana. Hoc studium machinas methodos discendi integrat ad susceptibilitatem mappis construendi, inclusa indicibus topographico-hydrologicis, ad emendandum inclusionem terrae proruit. Fu…",2026-01-13 15:24:33+00:00
5a5bcaa594fb247aed4da10a6b21d17e,2026-01-09T14:22:22Z,'landslide',en.antaranews.com,en,0.9,"Sumatra flood victims receive multi-layered assistance, govt says","The Ministry of Social Affairs ensured that flood and landslide victims in Aceh, North Sumatra, and West Sumatra are receiving multi-layered assistance from ...",https://en.antaranews.com/news/399193/sumatra-flood-victims-receive-multi-layered-assistance-govt-says,https://cdn.antaranews.com/cache/1200x800/2026/01/09/IMG-20260109-WA0029.jpg,,"Jakarta (ANTARA) - The Ministry of Social Affairs ensured that flood and landslide victims in Aceh, North Sumatra, and West Sumatra are receiving multi-layered assistance from the government, ranging… [+2020 chars]",,"Laut Regierung erhalten Opfer der Überschwemmung auf Sumatra vielschichtige Hilfe. Das Sozialministerium sorgte dafür, dass die Opfer von Überschwemmungen und Erdrutschen in Aceh, Nord-Sumatra und West-Sumatra vielschichtige Hilfe von ... erhalten.","Sumatra flood victims receive multi-layered assistance, govt says. The Ministry of Social Affairs ensured that flood and landslide victims in Aceh, North Sumatra, and West Sumatra are receiving multi-layered assistance from ...","Sumatra inundatio victimarum multi-stratum auxilium accipiunt, govt dicit. Ministerium Sociale Negotium procuravit ut victimas inundationes et ruinas in Aceh, Sumatra Septentrionali, et Sumatra Occidentalis multi-partitus subsidia recipiant ab ...",2026-01-13 15:24:33+00:00
f231903cd5f018da003b6338ff7382f5,2026-01-05T00:00:00Z,'landslide',www.nature.com,en,0.9,Effect of suction stress on the strength of rupture zone and stability of landslide,"The variation in moisture content and suction stress within rupture zone soils, caused by fluctuations in rainfall and groundwater levels, is critical to landslide stability. In this study, undisturbed rupture zone soil samples were collected from the drainag…",https://www.nature.com/articles/s41598-025-34658-0,,http://web.archive.org/web/20260105064509/https://www.nature.com/articles/s41598-025-34658-0,"<li>Sassa, K., Fukuoka, H., Wang, G. &amp; Ishikawa, N. Undrained dynamic-loading ring-shear apparatus and its application to landslide dynamics. Landslides1, 719 (2004).
Google Scholar 
</li><li>T… [+8491 chars]",,Einfluss der Sogspannung auf die Stärke der Bruchzone und die Stabilität von Erdrutschen. Die durch Schwankungen des Niederschlags und des Grundwasserspiegels verursachten Schwankungen des Feuchtigkeitsgehalts und der Sogspannung innerhalb von Bruchzonenböden sind für die Stabilität von Erdrutschen von entscheidender Bedeutung. In dieser Studie wurden ungestörte Bruchzonen-Bodenproben aus der Entwässerungsanlage entnommen.,"Effect of suction stress on the strength of rupture zone and stability of landslide. The variation in moisture content and suction stress within rupture zone soils, caused by fluctuations in rainfall and groundwater levels, is critical to landslide stability. In this study, undisturbed rupture zone soil samples were collected from the drainag…","Effectus suctionis vis in zona rupturae robur et stabilitas proruit. Variatio contenti umoris et suctionis accentus intra zonam rupturam terrae, per fluctuationes in imbribus et campis aquae fundatae, est critica ad stabilitatem prolabi. In hoc studio, zona soli inconvulsa ruptura exempla ex drainag collecta sunt.",2026-01-14 20:20:42+00:00
4bee4057fee11edcf68544edfcb02d7a,2026-01-06T11:00:00Z,'landslide',nypost.com,en,0.9,"Maria Corina Machado would easily win in landslide if Maduro’s successor dared to call Venezuela elections, backers claim",Questions remain when Venezuela will hold elections after Maduro's capture.,https://nypost.com/2026/01/06/world-news/maria-corina-machado-would-easily-win-fair-venezuela-election-backers-claim/,https://nypost.com/wp-content/uploads/sites/2/2026/01/Untitled-1_3a561b.jpg?quality=75&strip=all&w=1200,,"WASHINGTON Opposition candidate and Nobel Peace Prize winner Maria Corina Machado would win a free and fair Venezuelan election in a landslide, both her party and international observers say, but the… [+7256 chars]",,"Maria Corina Machado würde leicht einen Erdrutschsieg erringen, wenn Maduros Nachfolger es wagen würde, Wahlen in Venezuela auszurufen, behaupten Befürworter. Es bleibt die Frage, wann Venezuela nach Maduros Gefangennahme Wahlen abhalten wird.","Maria Corina Machado would easily win in landslide if Maduro’s successor dared to call Venezuela elections, backers claim. Questions remain when Venezuela will hold elections after Maduro's capture.","Maria Corina Machado facile in terra lapsus esset si successor Maduro Venezuela electiones vocare auderet, adiutores peterent. Quaestiones manent cum Venezuela comitia post captam Maduro habebunt.",2026-01-14 20:20:42+00:00
92ad4bdc1a72af7080b4474e268149e1,2026-01-13T14:45:25Z,'landslide',abcnews.go.com,en,0.9,"Landslide in eastern Congo kills at least 13, leaves over 30 missing",A landslide in eastern Congo has killed at least 13 people and left over 30 missing,https://abcnews.go.com/International/wireStory/landslide-eastern-congo-kills-13-leaves-30-missing-129164104,https://s.abcnews.com/images/US/abc_news_default_2000x2000_update_16x9_992.jpg,http://web.archive.org/web/20260113162245/https://abcnews.go.com/International/wireStory/landslide-eastern-congo-kills-13-leaves-30-missing-129164104,"GOMA, Congo -- A landslide in eastern Congo early Tuesday killed at least 13 people and left over 30 still missing, according to local authorities.
The landslide occurred at around 1 a.m. in the vil… [+1289 chars]",,"Bei Erdrutsch im Ostkongo kommen mindestens 13 Menschen ums Leben, über 30 werden vermisst. Bei einem Erdrutsch im Osten des Kongo sind mindestens 13 Menschen ums Leben gekommen, über 30 werden vermisst","Landslide in eastern Congo kills at least 13, leaves over 30 missing. A landslide in eastern Congo has killed at least 13 people and left over 30 missing","Landslide in Congo Orientali saltem 13 interficit, folia supra 30 desunt. LAPSUS in orientali Congo saltem XIII hominum occidit et super XXX missing",2026-01-14 20:20:42+00:00
81148f386b626cf5548c904fef7bc9c3,2026-01-13T21:55:36Z,'rock fall',www.abc.net.au,en,0.8,Breaking: Rock climber dies in 20m fall from Tasmanian cliff,A 31-year-old French national was rock climbing with a friend at Buckland in Tasmania's south-east when he fell from a cliff. He later died in hospital.,https://www.abc.net.au/news/2026-01-14/tas-rock-climber-dies-after-fall-at-buckland/106227338,https://live-production.wcms.abc-cdn.net.au/2305cfc15abe819db1d3e126b37f3ac2?impolicy=wcms_watermark_news&cropH=1133&cropW=2012&xPos=13&yPos=0&width=862&height=485&imformat=generic,http://web.archive.org/web/20260113233530/https://www.abc.net.au/news/2026-01-14/tas-rock-climber-dies-after-fall-at-buckland/106227338,"A rock climber has died after he fell 20 metres from a cliff in Tasmania's south-east.
The 31-year-old French national, who was living in Victoria, had been climbing with a friend in the Sand River … [+714 chars]",,"Bruch: Kletterer stirbt bei 20-Meter-Sturz von tasmanischer Klippe. Ein 31-jähriger Franzose war mit einem Freund beim Klettern in Buckland im Südosten Tasmaniens unterwegs, als er von einer Klippe stürzte. Er starb später im Krankenhaus.",Breaking: Rock climber dies in 20m fall from Tasmanian cliff. A 31-year-old French national was rock climbing with a friend at Buckland in Tasmania's south-east when he fell from a cliff. He later died in hospital.,Breaking: Rock exhibuit perit in 20m fall from Tasmanian cliff. A 31 annos nationalis Gallicae lapis cum amico Buckland in Tasmania orientem versus ascendens erat cum e rupe cecidit. Qui postea in nosocomio mortuus est.,2026-01-15 15:24:48+00:00
c63824be1c2cf9bb6a002a3bb53d9437,2026-01-14T21:35:41Z,'landslide road',fortune.com,en,0.9,Highway 1 along Big Sur reopens after 3 years of closures amid tourism-destroyin landslide,"“Today is a monumental milestone,” said Colin Twohig of the Big Sur River Inn. “We’re hitting the light at the end of the tunnel after three long years.”",https://fortune.com/2026/01/14/highway-1-along-big-sur-reopens-after-3-years-of-closures-amid-tourism-destroyin-landslide/,"https://fortune.com/img-assets/wp-content/uploads/2026/01/AP26014735852539-e1768426521973.jpg?resize=1200,600",http://web.archive.org/web/20260115005620/https://fortune.com/2026/01/14/highway-1-along-big-sur-reopens-after-3-years-of-closures-amid-tourism-destroyin-landslide/,A 90-mile (145-kilometer) section of Californias Highway 1 along the famous Big Sur coast finally reopened Wednesday after three years of closures and repairs following a series of landslides and a r… [+2680 chars],,"Highway 1 entlang Big Sur wird nach drei Jahren Sperrung aufgrund eines tourismuszerstörenden Erdrutschs wieder geöffnet. „Heute ist ein monumentaler Meilenstein“, sagte Colin Twohig vom Big Sur River Inn. „Wir stoßen nach drei langen Jahren auf das Licht am Ende des Tunnels.“","Highway 1 along Big Sur reopens after 3 years of closures amid tourism-destroyin landslide. “Today is a monumental milestone,” said Colin Twohig of the Big Sur River Inn. “We’re hitting the light at the end of the tunnel after three long years.”","Via 1 per Big Sur renovat post 3 annos clausuras inter voluptuaria destructa ruina. ""Hodie miliarium monumenti est,"" dixit Colin Twohig de Big Sur River Inn. ""In fine cuniculi post tres annos lucem ferimus.""",2026-01-16 01:41:19+00:00
ab20de1161e25f7a9ae688e0d21281e8,2026-01-15T00:31:29Z,'landslide',www.bostonherald.com,en,0.9,California’s scenic Highway 1 near Big Sur reopens 3 years after damaging landslides,The reopening Wednesday came three months ahead of schedule.,https://www.bostonherald.com/2026/01/14/california-highway-reopens/,https://www.bostonherald.com/wp-content/uploads/2026/01/California_Highway_Reopens_52539.jpg?w=1024&h=682,,"BIG SUR, Calif. (AP) A 90-mile section of Californias Highway 1 along the famous Big Sur coast fully reopened Wednesday after three years of closures and repairs following a series of landslides and … [+3236 chars]",,Kaliforniens malerischer Highway 1 in der Nähe von Big Sur wird drei Jahre nach verheerenden Erdrutschen wiedereröffnet. Die Wiedereröffnung am Mittwoch erfolgte drei Monate früher als geplant.,California’s scenic Highway 1 near Big Sur reopens 3 years after damaging landslides. The reopening Wednesday came three months ahead of schedule.,Ludi scenici Highway 1 in California prope Big Sur recludit 3 annos post deminutum ruinas. Mercurii refectio tres menses ante schedulam accessit.,2026-01-16 01:41:19+00:00
584728a9f53d40ba16686a40210f7b16,2026-01-13T16:17:00Z,'landslide',www.thestar.com.my,en,0.9,"Xinhua Asia-Pacific news summary at 1600 GMT, Jan. 13","MANILA -- The death toll from a landfill landslide in the central Philippine city of Cebu climbed to 13, authorities said on Tuesday. Read full story",https://www.thestar.com.my/news/world/2026/01/14/xinhua-asia-pacific-news-summary-at-1600-gmt-jan-13,https://cdn.thestar.com.my/Themes/img/newTsol_logo_socmedia.png,http://web.archive.org/web/20260113174304/https://www.thestar.com.my/news/world/2026/01/14/xinhua-asia-pacific-news-summary-at-1600-gmt-jan-13,"MANILA -- The death toll from a landfill landslide in the central Philippine city of Cebu climbed to 13, authorities said on Tuesday.
 Officials from the Cebu City Fire Station said the number of in… [+1384 chars]",,"Xinhua Asien-Pazifik-Nachrichtenzusammenfassung, 1600 GMT, 13. Januar. MANILA – Die Zahl der Todesopfer durch einen Erdrutsch auf einer Mülldeponie in der zentralphilippinischen Stadt Cebu ist auf 13 gestiegen, teilten die Behörden am Dienstag mit. Lesen Sie die ganze Geschichte","Xinhua Asia-Pacific news summary at 1600 GMT, Jan. 13. MANILA -- The death toll from a landfill landslide in the central Philippine city of Cebu climbed to 13, authorities said on Tuesday. Read full story","Xinhua Asia-Pacific nuntiorum summa in 1600 GMT, 13. MANILA -- Mortis vectigal ex landfill lapsus in media urbe Philippina Cebu ascendit ad XIII, auctoritates die Martis dixit. Read full story",2026-01-17 05:19:51+00:00
8d5ac47fce73e58eef318cc753775f06,2026-01-15T10:20:56Z,'landslide',www.rt.com,en,0.9,Landslide kills at least 28 in DR Congo (VIDEO),"At least 28 people died when a landslide struck a village in DR Congo, destroying homes and leaving many displaced Read Full Article at RT.com",https://www.rt.com/africa/630994-landslide-kills-28-in-drc/,https://mf.b37mrtl.ru/files/2026.01/article/6968b6942030271b8327580d.jpg,http://web.archive.org/web/20260116231553/https://www.rt.com/africa/630994-landslide-kills-28-in-drc/,"At least 28 people were killed after a landslide struck a remote village in the eastern Democratic Republic of the Congo (DR Congo), local outlet Actualite reported on Wednesday.
The incident occurr… [+3971 chars]",,"Erdrutsch tötet mindestens 28 Menschen in der DR Kongo (VIDEO). Mindestens 28 Menschen starben, als ein Erdrutsch ein Dorf in der DR Kongo erschütterte, Häuser zerstörte und viele Vertriebene zurückließ. Den vollständigen Artikel auf RT.com lesen","Landslide kills at least 28 in DR Congo (VIDEO). At least 28 people died when a landslide struck a village in DR Congo, destroying homes and leaving many displaced Read Full Article at RT.com","LAPSUS necat saltem 28 in DR Congo (VIDEO). Saltem 28 homines mortui sunt cum proiectum vicum in DR Congo percussit, domos destruens et multis expositis relictis Read Full Article at RT.com",2026-01-17 05:19:51+00:00
09cc71bc1b3d7d5376ec711fd5f43d36,2026-01-11T09:52:00Z,'landslide',www.thestar.com.my,en,0.9,"Pollution at Teluk Akuan due to landslide, not quarry and logging, says Perak exco member","IPOH: No logging or quarry activities are currently taking place near Teluk Akuan in Manjung, and the reported pollution was caused by a landslide at the overburden area of an old quarry following unusually heavy rain. Read full story",https://www.thestar.com.my/news/nation/2026/01/11/pollution-at-teluk-akuan-due-to-landslide-not-quarry-and-logging-says-perak-exco-member,https://apicms.thestar.com.my/uploads/images/2026/01/11/3714938.JPG,,"IPOH: No logging or quarry activities are currently taking place near Teluk Akuan in Manjung, and the reported pollution was caused by a landslide at the overburden area of an old quarry following un… [+1270 chars]",,"Verschmutzung bei Teluk Akuan durch Erdrutsch, nicht durch Steinbruch und Holzeinschlag, sagt Perak-Exco-Mitglied. IPOH: In der Nähe von Teluk Akuan in Manjung finden derzeit keine Holzeinschlags- oder Steinbruchaktivitäten statt, und die gemeldete Verschmutzung wurde durch einen Erdrutsch im Abraumbereich eines alten Steinbruchs nach ungewöhnlich starkem Regen verursacht. Lesen Sie die ganze Geschichte","Pollution at Teluk Akuan due to landslide, not quarry and logging, says Perak exco member. IPOH: No logging or quarry activities are currently taking place near Teluk Akuan in Manjung, and the reported pollution was caused by a landslide at the overburden area of an old quarry following unusually heavy rain. Read full story","Pollutio ad Teluk Akuan ob ruinam, non fossuram et colligationem, membrum excorio dicit Perak. IPOH: Nullae operationes logging vel praedae apud Teluk Akuan in Manjung nunc fiunt, et relatio pollutionis facta est ex ruina in area oneris veteris praedae sequentis pluviae solitae. Read full story",2026-01-17 15:19:15+00:00
9b679e4c9e74619d90c062820a000caf,2026-01-14T22:13:18Z,'landslide',www.kqed.org,en,0.7,California’s Highway 1 Fully Opens Through Big Sur Years After Major Landslides,"The reopening of the Regent’s Slide section came nearly 80 days ahead of schedule, restoring the full coastal connection between Carmel and Cambria.",https://www.kqed.org/news/12069761/californias-highway-1-fully-opens-through-big-sur-years-after-major-landslides,https://cdn.kqed.org/wp-content/uploads/sites/10/2024/05/BigSur-1020x680.jpg,http://web.archive.org/web/20260116080423/https://www.kqed.org/news/12069761/californias-highway-1-fully-opens-through-big-sur-years-after-major-landslides,"Perlmutter added that the early opening is particularly vital for the upcoming summer season, as visitors typically begin making their travel arrangements months in advance.
He noted that during the… [+1094 chars]",,Kaliforniens Highway 1 wird Jahre nach großen Erdrutschen durch Big Sur vollständig freigegeben. Die Wiedereröffnung des Regent’s Slide-Abschnitts erfolgte fast 80 Tage früher als geplant und stellte die vollständige Küstenverbindung zwischen Carmel und Cambria wieder her.,"California’s Highway 1 Fully Opens Through Big Sur Years After Major Landslides. The reopening of the Regent’s Slide section came nearly 80 days ahead of schedule, restoring the full coastal connection between Carmel and Cambria.","California's Highway 1 Fullly Opens Through Big Sur Years After Major Landslides. Retectio sectionis Slide Proregis venit ante annos fere LXXX, plenam nexum maritimam inter Carmelum et Cambriam restituens.",2026-01-19 10:27:21+00:00
d03511845db847f66d2b769017e830a6,2026-01-14T21:08:15Z,'landslide',apnews.com,en,0.9,California's Highway 1 near Big Sur reopens after 3 years,A 90-mile section of California’s Highway 1 along the famous Big Sur coast has finally reopened after three years of closures following a series of landslides and a roadway collapse that hampered tourism on the scenic route. The reopening Wednesday came three…,https://apnews.com/article/california-highway-1-big-sur-04cdcfba20529e9c5f888137a0ea9b4a,https://dims.apnews.com/dims4/default/09a9db6/2147483647/strip/true/crop/5063x2848+0+264/resize/1440x810!/quality/90/?url=https%3A%2F%2Fassets.apnews.com%2Fc8%2F5c%2F7e433886f1e8bd24ab6219a2af16%2F83c9c8ee392e447fb57f91b576e6393e,http://web.archive.org/web/20260114215608/https://apnews.com/article/california-highway-1-big-sur-04cdcfba20529e9c5f888137a0ea9b4a,"BIG SUR, Calif. (AP) A 90-mile (145-kilometer) section of Californias Highway 1 along the famous Big Sur coast fully reopened Wednesday after three years of closures and repairs following a series of… [+3354 chars]",,"Kaliforniens Highway 1 in der Nähe von Big Sur wird nach drei Jahren wiedereröffnet. Ein 90 Meilen langer Abschnitt des kalifornischen Highway 1 entlang der berühmten Küste von Big Sur wurde endlich wieder geöffnet, nachdem er drei Jahre lang gesperrt war, nachdem eine Reihe von Erdrutschen und ein Straßeneinsturz den Tourismus auf der malerischen Route behinderten. Die Wiedereröffnung am Mittwoch erfolgte um drei…",California's Highway 1 near Big Sur reopens after 3 years. A 90-mile section of California’s Highway 1 along the famous Big Sur coast has finally reopened after three years of closures following a series of landslides and a roadway collapse that hampered tourism on the scenic route. The reopening Wednesday came three…,California's Highway 1 near Big Sur opens after 3 years. Sectio 90 mille passibus de California's Highway 1 per celebre Big Sur oram tandem reclusit post tres annos clausuras sequentes seriem proculorum et ruinae viae quae voluptuaria similesve in itinere scenico impeditus est. Mercurii venit refricare tres…,2026-01-19 10:27:21+00:00
970e255e30bbe602637bac3aabd65edf,2026-01-15T13:19:00Z,'landslide',www.newser.com,en,0.9,"For California's Highway 1, a 'Monumental Milestone'",A 90-mile section of California's Highway 1 along the famous Big Sur coast fully reopened on Wednesday after three years of closures and repairs following a series of landslides and a roadway collapse that hampered tourism along the scenic route. The reopenin…,https://www.newser.com/story/381989/for-californias-highway-1-a-monumental-milestone.html,https://img1-azrcdn.newser.com/image/1658506-12-20260115072110.jpeg,http://web.archive.org/web/20260115141040/https://www.newser.com/story/381989/for-californias-highway-1-a-monumental-milestone.html,"The first shutdown came in January 2023, when a series of powerful atmospheric rivers triggered a major landslide. The highway was buried by mud and rocks again in 2024 during another wet winter, and… [+1724 chars]",,"Für Kaliforniens Highway 1 ein „monumentaler Meilenstein“. Ein 90 Meilen langer Abschnitt des kalifornischen Highway 1 entlang der berühmten Küste von Big Sur wurde am Mittwoch nach drei Jahren Sperrung und Reparaturen nach einer Reihe von Erdrutschen und einem Straßeneinsturz, die den Tourismus entlang der malerischen Route behinderten, wieder vollständig geöffnet. Die Wiedereröffnung…","For California's Highway 1, a 'Monumental Milestone'. A 90-mile section of California's Highway 1 along the famous Big Sur coast fully reopened on Wednesday after three years of closures and repairs following a series of landslides and a roadway collapse that hampered tourism along the scenic route. The reopenin…","For California's Highway 1, a 'Monumental Fabella'. Sectio 90 miliaria viarum Californiae 1 per oram celeberrimam Big Sur die Mercurii post tres annos clausuras plene rescidit et sequentes seriem proruit et ruinae viae quae per iter scenicum impeditum voluptuaria est. Reopenin…",2026-01-19 10:27:21+00:00
4d0dd5432a5fd5eb14fa0c6cc3112837,2026-01-15T16:43:41Z,'landslide',screenrant.com,en,0.9,Hogwarts Legacy Fans Torn Over Cancelled Game,"Meta layoffs have struck some iconic VR studios and caused a landslide of canceled games, which may have included a Harry Potter VR game.",https://screenrant.com/hogwarts-legacy-cancelled-harry-potter-game/,https://static0.srcdn.com/wordpress/wp-content/uploads/2026/01/hogwarts-legacy-2-harry-potter-vr-game-canceled.jpg?w=1600&h=900&fit=crop,http://web.archive.org/web/20260116100350/https://screenrant.com/hogwarts-legacy-cancelled-harry-potter-game/,"Amid sweeping Meta layoffs, the latest rumor suggests that a Harry Potter VR game has been canceled. Although there was no official confirmation of the project, with Hogwarts Legacys unbelievable suc… [+2493 chars]",,"Hogwarts Legacy-Fans sind über abgesagtes Spiel hin- und hergerissen. Meta-Entlassungen haben einige bekannte VR-Studios getroffen und zu einem Erdrutsch an abgesagten Spielen geführt, darunter möglicherweise auch ein Harry-Potter-VR-Spiel.","Hogwarts Legacy Fans Torn Over Cancelled Game. Meta layoffs have struck some iconic VR studios and caused a landslide of canceled games, which may have included a Harry Potter VR game.","Hogwarts Legatum Fans laceratus Ludus Cancellatus. Meta layoffs studiosorum iconicorum VR percusserunt et lapsus ludorum cancellatorum effecit, qui Harrium Potter VR ludum comprehendere potest.",2026-01-19 15:25:47+00:00
57e67af9c04ca7f14af8b2af1e7fd4ad,2026-01-16T15:29:20Z,'landslide',www.livescience.com,en,0.9,Scars from ancient 'megaquakes' at Cascadia subduction zone discovered in deep-sea landslides,Large subduction-zone earthquakes leave scars on the continental slope in the deep sea.,https://www.livescience.com/planet-earth/earthquakes/scars-from-ancient-megaquakes-at-cascadia-subduction-zone-discovered-in-deep-sea-landslides,https://cdn.mos.cms.futurecdn.net/GBA3kb53TaVMcgaLVeKTKj-2500-80.jpg,http://web.archive.org/web/20260116231103/https://www.livescience.com/planet-earth/earthquakes/scars-from-ancient-megaquakes-at-cascadia-subduction-zone-discovered-in-deep-sea-landslides,"Deep-sea landslides in the Pacific Northwest's Cascadia subduction zone hold a record of earthquakes dating back 7,500 years, and similar markers may be found in other tectonic plate boundaries world… [+3233 chars]",,Narben von antiken „Megabeben“ in der Cascadia-Subduktionszone wurden bei Tiefsee-Erdrutschen entdeckt. Große Erdbeben in der Subduktionszone hinterlassen Narben am Kontinentalhang in der Tiefsee.,Scars from ancient 'megaquakes' at Cascadia subduction zone discovered in deep-sea landslides. Large subduction-zone earthquakes leave scars on the continental slope in the deep sea.,Cicatrices ab antiquis 'megaquakes' apud Cascadias subductionis zonae in profundo mari prolapsae repertae sunt. Magnae terrae motus subductionis cicatrices in continenti clivo in profundo mari exeunt.,2026-01-19 15:25:47+00:00
9967f1e5c019f2ea7142e3a2e59c2956,2026-01-16T15:36:00Z,'landslide',news.sky.com,en,0.9,'Massacre' as Uganda election descends into deadly violence,Opposition leader Bobi Wine is said to be on track for a landslide defeat - but his supporters allege major  voter suppression and Sky News witnesses snatch squads bundling people into armoured trucks.,https://news.sky.com/story/uganda-election-descends-into-deadly-violence-as-president-yoweri-museveni-looks-to-cling-to-power-13495081,https://e3.365dm.com/26/01/1600x900/skynews-uganda-election_7137323.jpg?20260116163029,http://web.archive.org/web/20260117020553/https://news.sky.com/story/uganda-election-descends-into-deadly-violence-as-president-yoweri-museveni-looks-to-cling-to-power-13495081,"At least seven people have been killed as Uganda's presidential election was engulfed by violence.
The country's elections this month have been marred by clashes and look set to extend President Yow… [+3675 chars]",,"„Massaker“, während Wahlen in Uganda in tödliche Gewalt münden. Oppositionsführer Bobi Wine soll angeblich auf dem Weg zu einer Erdrutschniederlage sein – seine Unterstützer behaupten jedoch, dass es zu massiver Unterdrückung der Wählerschaft kommt, und Zeugen von Sky News berichten von Entführungstrupps, die Menschen in gepanzerte Lastwagen packen.",'Massacre' as Uganda election descends into deadly violence. Opposition leader Bobi Wine is said to be on track for a landslide defeat - but his supporters allege major  voter suppression and Sky News witnesses snatch squads bundling people into armoured trucks.,"""Massacre"" sicut Uganda electio descendit ad vim funestam. Oppositio ducis Bobi Vinum dicitur esse in semita propter cladem ruinae - sed fautores eius maiorem suffragii suppressionem allegant et testes Sky Nuntii rapiunt quaternionibus fasciculos hominum in aliquet armatorum.",2026-01-19 15:25:47+00:00
f9305418d4dce5f286255734bd5f6694,2026-01-18T02:10:44Z,'landslide road',economictimes.indiatimes.com,en,0.9,"Severe storms and flash flooding ravage Sydney, with landslides, road closures, and dozens of rescues amid coastal downpours","A landslide narrowly missed a house on Sydney's Northern Beaches after intense storms caused a torrent of mud and trees to crash down a hillside. Flash flooding and severe weather have impacted large parts of New South Wales, leading to evacuations and numero…",https://economictimes.indiatimes.com/news/international/australia/severe-storms-and-flash-flooding-ravage-sydney-with-landslides-road-closures-and-dozens-of-rescues-amid-coastal-downpours/articleshow/126635939.cms,"https://img.etimg.com/thumb/msid-126635935,width-1200,height-630,imgsize-11928,overlay-economictimes/articleshow.jpg",http://web.archive.org/web/20260118023413/https://economictimes.indiatimes.com/news/international/australia/severe-storms-and-flash-flooding-ravage-sydney-with-landslides-road-closures-and-dozens-of-rescues-amid-coastal-downpours/articleshow/126635939.cms,"A house on Sydneys Northern Beaches narrowly avoided being swept away after a landslide triggered by intense overnight storms sent a torrent of mud, soil and trees crashing down a hillside, as flash … [+1996 chars]",,"Schwere Stürme und Sturzfluten verwüsten Sydney mit Erdrutschen, Straßensperrungen und Dutzenden Rettungsaktionen inmitten von Regengüssen an der Küste. Ein Erdrutsch verfehlte knapp ein Haus an Sydneys Nordstränden, nachdem heftige Stürme eine Flut aus Schlamm und Bäumen einen Hang hinabstürzen ließen. Sturzfluten und Unwetter haben weite Teile von New South Wales heimgesucht und zu Evakuierungen und zahlreichen Unwettern geführt.","Severe storms and flash flooding ravage Sydney, with landslides, road closures, and dozens of rescues amid coastal downpours. A landslide narrowly missed a house on Sydney's Northern Beaches after intense storms caused a torrent of mud and trees to crash down a hillside. Flash flooding and severe weather have impacted large parts of New South Wales, leading to evacuations and numero…","Tempestates graves et inundationes Sydnaeum depopulantur, cum proruit, viae commissuras, et justos eripit per litora maris. A LAPSUS anguste domum in Litis Sydney Septentrionalibus desiderari cum ingentibus procellis torrens limo et arbores collis collisionis causabat. Fulgura inundatio et tempestas saeva impingit magnas partes Novae Australis Cambriae, ducens ad evacuationes et numerum…",2026-01-19 20:23:25+00:00
e6e1cecb044c4bc2232a6f4f55084aff,2026-01-17T14:49:13Z,'rockfall',twistedsifter.com,en,0.7,"Massive Megatsunami Caused By Landslide In Alaska Is The Second Largest Wave Ever Recorded, And Experts Say The Area Will Remain Hazardous For Months To Come",That wave was massive.,http://twistedsifter.com/2026/01/massive-megatsunami-caused-by-landslide-in-alaska-is-the-second-largest-wave-ever-recorded-and-experts-say-the-area-will-remain-hazardous-for-months-to-come/,https://twistedsifter.com/wp-content/uploads/2025/11/tsunami.jpg,http://web.archive.org/web/20260118055158/https://twistedsifter.com/2026/01/massive-megatsunami-caused-by-landslide-in-alaska-is-the-second-largest-wave-ever-recorded-and-experts-say-the-area-will-remain-hazardous-for-months-to-come/,"Shutterstock
Any tsunami can be dangerous, but when they are located in a somewhat enclosed area of water, they can be absolutely devastating. That is what happened in the iconic Tracy Arm fjord in … [+2764 chars]",,"Der durch einen Erdrutsch in Alaska verursachte gewaltige Megatsunami ist die zweitgrößte Welle, die jemals aufgezeichnet wurde, und Experten sagen, dass das Gebiet noch Monate lang gefährlich bleiben wird. Diese Welle war riesig.","Massive Megatsunami Caused By Landslide In Alaska Is The Second Largest Wave Ever Recorded, And Experts Say The Area Will Remain Hazardous For Months To Come. That wave was massive.","Massive Megatsunami causata Landslide in Alaska est secunda maxima unda umquam exposita, et periti dicunt Area periculosa menses ad veni. Suspendisse id convallis erat.",2026-01-20 01:40:44+00:00
cfd4b62af0cddde853eaff38de637f60,2026-01-18T15:00:00Z,'landslide road',www.cbc.ca,en,0.9,Petition launched in B.C.’s Okanagan for new Penticton-Kelowna route,"With landslides and wildfires closing down Highway 97 for lengthy periods in recent years, residents are looking for a better option. A parliamentary petition signed by more than 1,500 people suggests building a new road between Kelowna and Naramata.",https://www.cbc.ca/news/canada/british-columbia/new-highway-penticton-kelowna-bc-petition-9.7047696,"https://i.cbc.ca/ais/c4bf3529-4099-4dcf-80ba-58c55fd35589,1768596942756/full/max/0/default.jpg?im=Crop%2Crect%3D%2841%2C222%2C2892%2C1626%29%3BResize%3D620",,"More than 1,500 people have signed a parliamentary petition calling for a new access route between Penticton, B.C., and Kelowna, following several closures to the existing highway due to landslides a… [+3996 chars]",,"In Okanagan in B.C. wurde eine Petition für eine neue Route zwischen Penticton und Kelowna gestartet. Da Erdrutsche und Waldbrände in den letzten Jahren den Highway 97 für längere Zeit lahmlegten, suchen die Bewohner nach einer besseren Option. Eine von mehr als 1.500 Menschen unterzeichnete parlamentarische Petition schlägt den Bau einer neuen Straße zwischen Kelowna und Naramata vor.","Petition launched in B.C.’s Okanagan for new Penticton-Kelowna route. With landslides and wildfires closing down Highway 97 for lengthy periods in recent years, residents are looking for a better option. A parliamentary petition signed by more than 1,500 people suggests building a new road between Kelowna and Naramata.","Petitio in B.C. Okanagan de novo itinere Penticton-Kelowna immissa est. Cum proruit et incendia silvestrem viam claudentes 97 per longas aetates in annis proximis, habitant meliorem optionem quaerunt. Petitio parlamentaria plus mille quingenti homines signata suggerit novam viam inter Kelowna et Naramata aedificare.",2026-01-20 01:40:44+00:00
2539f5101dd5b92bd0060e6cacbf29ef,2026-01-17T15:11:41Z,'rock fall',consent.yahoo.com,en,0.7,"Snow could fall in Charlotte, Rock Hill, NWS says. Here’s the latest forecast.",,https://consent.yahoo.com/v2/collectConsent?sessionId=1_cc-session_54cd1b30-6f81-4054-961a-9f0a6f37b126,,,"If you click 'Accept all', we and our partners, including 245 who are part of the IAB Transparency &amp; Consent Framework, will also store and / or access information on a device (in other words, us… [+1046 chars]",,"Laut NWS könnte es in Charlotte, Rock Hill, schneien. Hier ist die neueste Prognose. Keine","Snow could fall in Charlotte, Rock Hill, NWS says. Here’s the latest forecast.. None","Nix cadere potuit in Charlotte, Rock Hill, NWS dicit. Hic est tardus prospicere.. None",2026-01-20 05:28:09+00:00
8a1d80097f76b17e67bcea08f178ebcb,2026-01-19T13:00:14Z,'landslide charity',opiniojuris.org,en,0.9,Ex Post State Responsibility for Politically Manufactured Disasters,"[Debora N. Gunawan is an SJD student at the University of Michigan Law School] In late November 2025, a wave of torrential rains, cyclones, and monsoon-driven storms battered South and Southeast Asia. Devastating floods, landslides, and mudslides ravaged wide…",http://opiniojuris.org/2026/01/19/ex-post-state-responsibility-for-politically-manufactured-disasters/,https://i0.wp.com/opiniojuris.org/wp-content/uploads/Environmental_degradation_in_Nigeria.jpeg?fit=662%2C479,,"[Debora N. Gunawan is an SJD student at the University of Michigan Law School]
In late November 2025, a wave of torrential rains, cyclones, and monsoon-driven storms battered South and Southeast Asi… [+13745 chars]",,"Nachträgliche staatliche Verantwortung für politisch herbeigeführte Katastrophen. [Debora N. Gunawan ist SJD-Studentin an der University of Michigan Law School] Ende November 2025 wurde Süd- und Südostasien von einer Welle sintflutartiger Regenfälle, Wirbelstürme und Monsunstürme heimgesucht. Verheerende Überschwemmungen, Erdrutsche und Schlammlawinen verwüsteten weite Teile …","Ex Post State Responsibility for Politically Manufactured Disasters. [Debora N. Gunawan is an SJD student at the University of Michigan Law School] In late November 2025, a wave of torrential rains, cyclones, and monsoon-driven storms battered South and Southeast Asia. Devastating floods, landslides, and mudslides ravaged wide…","Ex Post Rei Publicae Curae Politice Fabrica Clades. [Debora N. Gunawan est discipulus SJD in University of Michigan Legis Scholae] Nove Novembri 2025, fluctus imbres, cyclones, et tempestates monstrosas quassatae sunt in Asia Australi et Southeast. Inundationes vastantes, proruit, et mudslides late populantur...",2026-01-21 05:28:13+00:00
cb2fef4cdcf9b013057b5e8efaf52a08,2026-01-14T21:57:37Z,'landslide road',abcnews.go.com,en,0.9,California's scenic Highway 1 near Big Sur reopens 3 years after damaging landslides,A 90-mile section of California’s Highway 1 along the famous Big Sur coast has finally reopened after three years of closures following a series of landslides and a roadway collapse that hampered tourism on the scenic route,https://abcnews.go.com/Travel/wireStory/californias-scenic-highway-1-big-sur-reopens-3-129219014,https://i.abcnewsfe.com/a/e2a87075-53d1-4165-9dfb-2f711e9d2ca6/wirestory_04cdcfba20529e9c5f888137a0ea9b4a_16x9.jpg?w=1600,http://web.archive.org/web/20260116102506/https://abcnews.go.com/Travel/wireStory/californias-scenic-highway-1-big-sur-reopens-3-129219014,"BIG SUR, Calif. -- A 90-mile (145-kilometer) section of California's Highway 1 along the famous Big Sur coast fully reopened Wednesday after three years of closures and repairs following a series of … [+3259 chars]",,"Kaliforniens malerischer Highway 1 in der Nähe von Big Sur wird drei Jahre nach verheerenden Erdrutschen wiedereröffnet. Ein 90 Meilen langer Abschnitt des kalifornischen Highway 1 entlang der berühmten Küste von Big Sur wurde endlich wieder geöffnet, nachdem er drei Jahre lang gesperrt war, nachdem eine Reihe von Erdrutschen und ein Straßeneinsturz den Tourismus auf der malerischen Route behinderten",California's scenic Highway 1 near Big Sur reopens 3 years after damaging landslides. A 90-mile section of California’s Highway 1 along the famous Big Sur coast has finally reopened after three years of closures following a series of landslides and a roadway collapse that hampered tourism on the scenic route,Californiae scaenicae via 1 prope Big Sur recludit 3 annos post deminutum proruit. Sectio 90 mille passibus de California's Highway 1 per celebre Big Sur oram tandem reclusit post tres annos clausuras sequentes seriem proculorum et ruinae viae quae voluptuaria similesve in itinere scenico impedito,2026-01-21 10:27:42+00:00
f369d1318b93afa6d293d5964ac4289e,2026-01-18T13:37:00Z,'landslide',www.thestar.com.my,en,0.9,Uganda partially restores internet after ageing president wins seventh term,"KAMPALA, Jan 18 (Reuters) - Ugandan authorities partially restored internet ‌services late on Saturday after 81-year-old President Yoweri Museveni won a seventh term to extend his rule into a fifth ‌decade with a landslide victory rejected by the opposition. …",https://www.thestar.com.my/news/world/2026/01/18/uganda-partially-restores-internet-after-ageing-president-wins-seventh-term,https://apicms.thestar.com.my/uploads/images/2026/01/18/3726304.jpg,http://web.archive.org/web/20260118145725/https://www.thestar.com.my/news/world/2026/01/18/uganda-partially-restores-internet-after-ageing-president-wins-seventh-term,"KAMPALA, Jan 18 (Reuters) - Ugandan authorities partially restored internet services late on Saturday after 81-year-old President Yoweri Museveni won a seventh term to extend his rule into a fifth de… [+3282 chars]",,"Uganda stellt das Internet teilweise wieder her, nachdem der alternde Präsident die siebte Amtszeit gewonnen hat. KAMPALA, 18. Januar (Reuters) – Die ugandischen Behörden haben am späten Samstag die Internetdienste teilweise wiederhergestellt, nachdem der 81-jährige Präsident Yoweri Museveni eine siebte Amtszeit gewonnen und seine Herrschaft mit einem von der Opposition abgelehnten Erdrutschsieg in ein fünftes Jahrzehnt verlängert hatte. …","Uganda partially restores internet after ageing president wins seventh term. KAMPALA, Jan 18 (Reuters) - Ugandan authorities partially restored internet ‌services late on Saturday after 81-year-old President Yoweri Museveni won a seventh term to extend his rule into a fifth ‌decade with a landslide victory rejected by the opposition. …","Uganda partim interrete restaurat postquam praeses senescit terminum septimum vincit. KAMPALA, Ian 18 (Reuters) - Auctoritates Ugandes partim interrete restitutae servitia sero die Sabbati post LXXXI annos Praeses Yoweri Museveni septimum terminum vicit ut imperium suum in quintam decadem cum prolapsione victoria ab oppositione reiectam vicit. ...",2026-01-21 10:27:42+00:00
